ordinal,id,ship_name,rarity,nation,type,health,firepower,aa,torpedo,evasion,air_power,fuel_consumption,reload,armor,speed,asw,oxygen,ammo,slot_1_modifier,slot_1_equipment,slot_2_modifier,slot_2_equipment,slot_3_modifier,slot_3_equipment
1,001,Universal Bullin,rare/elite,Universal,DD,210.0,21.0,21.0,21.0,105.0,21.0,3.0,105.0,Light,35.0,31.0,0.0,0.0,1.0,DD Main Guns,1.0,Anti-Air Guns,1.0,Anti-Air Guns
2,002,Trial Bullin MKII,super rare,Universal,DD,210.0,21.0,21.0,21.0,105.0,21.0,3.0,105.0,Light,35.0,31.0,0.0,0.0,1.0,DD Main Guns,1.0,Anti-Air Guns,1.0,Anti-Air Guns
3,005,Cassin,common,Eagle Union,DD,1446.0,66.0,146.0,248.0,156.0,0.0,7.0,165.0,Light,44.0,162.0,0.0,0.0,1.25,DD Main Guns,1.35,Torpedoes,1.3,Anti-Air Guns
4,006,Downes,common,Eagle Union,DD,1446.0,66.0,146.0,248.0,156.0,0.0,7.0,165.0,Light,44.0,162.0,0.0,0.0,1.25,DD Main Guns,1.35,Torpedoes,1.3,Anti-Air Guns
5,007,Gridley,rare/elite,Eagle Union,DD,1508.0,63.0,151.0,396.0,157.0,0.0,8.0,175.0,Light,46.0,181.0,0.0,0.0,1.15,DD Main Guns,1.35,Torpedoes,1.25,Anti-Air Guns
6,008,Craven,common,Eagle Union,DD,1479.0,62.0,149.0,387.0,157.0,0.0,8.0,171.0,Light,46.0,173.0,0.0,0.0,1.15,DD Main Guns,1.35,Torpedoes,1.25,Anti-Air Guns
7,009,McCall,common,Eagle Union,DD,1437.0,62.0,149.0,387.0,156.0,0.0,8.0,171.0,Light,43.0,173.0,0.0,0.0,1.15,DD Main Guns,1.35,Torpedoes,1.25,Anti-Air Guns
8,010,Maury,rare/elite,Eagle Union,DD,1508.0,66.0,155.0,406.0,190.0,0.0,9.0,180.0,Light,43.0,183.0,0.0,0.0,1.15,DD Main Guns,1.4,Torpedoes,1.25,Anti-Air Guns
9,011,Fletcher,rare/elite,Eagle Union,DD,1746.0,74.0,150.0,248.0,156.0,0.0,8.0,171.0,Light,43.0,186.0,0.0,0.0,1.2,DD Main Guns,1.3,Torpedoes,1.3,Anti-Air Guns
10,013,Charles Ausburne,rare/elite,Eagle Union,DD,1775.0,76.0,154.0,255.0,154.0,0.0,9.0,187.0,Light,42.0,192.0,0.0,0.0,1.25,DD Main Guns,1.3,Torpedoes,1.3,Anti-Air Guns
11,014,Thatcher,rare/elite,Eagle Union,DD,1712.0,74.0,150.0,248.0,154.0,0.0,8.0,182.0,Light,42.0,186.0,0.0,0.0,1.2,DD Main Guns,1.3,Torpedoes,1.3,Anti-Air Guns
12,015,Aulick,common,Eagle Union,DD,1679.0,72.0,148.0,244.0,154.0,0.0,7.0,178.0,Light,42.0,183.0,0.0,0.0,1.2,DD Main Guns,1.3,Torpedoes,1.3,Anti-Air Guns
13,016,Foote,common,Eagle Union,DD,1679.0,72.0,148.0,244.0,154.0,0.0,7.0,171.0,Light,42.0,183.0,0.0,0.0,1.2,DD Main Guns,1.3,Torpedoes,1.3,Anti-Air Guns
14,017,Spence,common,Eagle Union,DD,1679.0,72.0,148.0,244.0,154.0,0.0,7.0,171.0,Light,42.0,183.0,0.0,0.0,1.2,DD Main Guns,1.3,Torpedoes,1.3,Anti-Air Guns
15,018,Benson,rare/elite,Eagle Union,DD,1521.0,76.0,149.0,282.0,157.0,0.0,8.0,178.0,Light,45.0,174.0,0.0,0.0,1.3,DD Main Guns,1.3,Torpedoes,1.25,Anti-Air Guns
16,019,Laffey,rare/elite,Eagle Union,DD,1650.0,88.0,153.0,266.0,157.0,0.0,9.0,191.0,Light,45.0,180.0,0.0,0.0,1.65,DD Main Guns,1.25,Torpedoes,1.25,Anti-Air Guns
17,026,Sims,rare/elite,Eagle Union,DD,1513.0,70.0,149.0,251.0,154.0,0.0,8.0,177.0,Light,42.0,187.0,0.0,0.0,1.2,DD Main Guns,1.3,Torpedoes,1.3,Anti-Air Guns
18,027,Hammann,rare/elite,Eagle Union,DD,1513.0,70.0,149.0,251.0,154.0,0.0,8.0,177.0,Light,42.0,187.0,0.0,0.0,1.25,DD Main Guns,1.3,Torpedoes,1.35,Anti-Air Guns
19,028,Eldridge,super rare,Eagle Union,DD,1433.0,70.0,159.0,341.0,203.0,0.0,10.0,201.0,Light,25.0,205.0,0.0,0.0,1.15,DD Main Guns,1.3,Torpedoes,1.25,Anti-Air Guns
20,081,Amazon,rare/elite,Royal Navy,DD,1142.0,56.0,134.0,320.0,205.0,0.0,8.0,167.0,Light,44.0,158.0,0.0,0.0,1.2,DD Main Guns,1.35,Torpedoes,1.05,Anti-Air Guns
21,082,Acasta,rare/elite,Royal Navy,DD,1142.0,59.0,134.0,320.0,203.0,0.0,8.0,168.0,Light,42.0,155.0,0.0,0.0,1.15,DD Main Guns,1.5,Torpedoes,1.1,Anti-Air Guns
22,083,Ardent,rare/elite,Royal Navy,DD,1142.0,59.0,134.0,320.0,203.0,0.0,8.0,168.0,Light,42.0,155.0,0.0,0.0,1.2,DD Main Guns,1.45,Torpedoes,1.1,Anti-Air Guns
23,086,Beagle,common,Royal Navy,DD,1124.0,57.0,130.0,315.0,203.0,0.0,7.0,165.0,Light,42.0,173.0,0.0,0.0,1.2,DD Main Guns,1.35,Torpedoes,1.05,Anti-Air Guns
24,087,Bulldog,common,Royal Navy,DD,1124.0,57.0,130.0,315.0,203.0,0.0,7.0,165.0,Light,42.0,177.0,0.0,0.0,1.2,DD Main Guns,1.35,Torpedoes,1.05,Anti-Air Guns
25,088,Comet,common,Royal Navy,DD,1133.0,59.0,131.0,310.0,204.0,0.0,7.0,165.0,Light,43.0,186.0,0.0,0.0,1.2,DD Main Guns,1.4,Torpedoes,1.1,Anti-Air Guns
26,089,Crescent,common,Royal Navy,DD,1133.0,59.0,131.0,310.0,204.0,0.0,7.0,165.0,Light,43.0,186.0,0.0,0.0,1.25,DD Main Guns,1.35,Torpedoes,1.1,Anti-Air Guns
27,090,Cygnet,common,Royal Navy,DD,1133.0,59.0,131.0,310.0,204.0,0.0,7.0,165.0,Light,43.0,190.0,0.0,0.0,1.25,DD Main Guns,1.35,Torpedoes,1.1,Anti-Air Guns
28,091,Foxhound,common,Royal Navy,DD,1144.0,62.0,130.0,311.0,203.0,0.0,7.0,167.0,Light,42.0,193.0,0.0,0.0,1.25,DD Main Guns,1.35,Torpedoes,1.1,Anti-Air Guns
29,092,Fortune,rare/elite,Royal Navy,DD,1168.0,62.0,134.0,318.0,203.0,0.0,8.0,169.0,Light,42.0,197.0,0.0,0.0,1.25,DD Main Guns,1.35,Torpedoes,1.1,Anti-Air Guns
30,094,Glowworm,rare/elite,Royal Navy,DD,1177.0,69.0,143.0,330.0,204.0,0.0,9.0,175.0,Light,43.0,195.0,0.0,0.0,1.3,DD Main Guns,1.35,Torpedoes,1.05,Anti-Air Guns
31,101,Javelin,rare/elite,Royal Navy,DD,1317.0,70.0,139.0,334.0,204.0,0.0,9.0,180.0,Light,43.0,195.0,0.0,0.0,1.25,DD Main Guns,1.45,Torpedoes,1.05,Anti-Air Guns
32,102,Juno,rare/elite,Royal Navy,DD,1280.0,66.0,135.0,324.0,204.0,0.0,8.0,175.0,Light,43.0,190.0,0.0,0.0,1.2,DD Main Guns,1.4,Torpedoes,1.05,Anti-Air Guns
33,103,Vampire,rare/elite,Royal Navy,DD,1095.0,62.0,135.0,335.0,190.0,0.0,9.0,171.0,Light,40.0,187.0,0.0,0.0,1.15,DD Main Guns,1.45,Torpedoes,1.05,Anti-Air Guns
34,151,Fubuki,rare/elite,Sakura Empire,DD,1498.0,54.0,127.0,463.0,185.0,0.0,9.0,186.0,Light,45.0,175.0,0.0,0.0,0.75,DD Main Guns,1.6,Torpedoes,0.75,Anti-Air Guns
35,155,Ayanami,rare/elite,Sakura Empire,DD,1498.0,57.0,127.0,463.0,188.0,0.0,9.0,186.0,Light,45.0,183.0,0.0,0.0,0.85,DD Main Guns,1.65,Torpedoes,0.75,Anti-Air Guns
36,159,Akatsuki,rare/elite,Sakura Empire,DD,1456.0,52.0,130.0,448.0,188.0,0.0,8.0,183.0,Light,45.0,171.0,0.0,0.0,0.75,DD Main Guns,1.5,Torpedoes,0.75,Anti-Air Guns
37,161,Ikazuchi,rare/elite,Sakura Empire,DD,1456.0,52.0,130.0,448.0,188.0,0.0,8.0,183.0,Light,45.0,152.0,0.0,0.0,0.75,DD Main Guns,1.5,Torpedoes,0.75,Anti-Air Guns
38,162,Inazuma,rare/elite,Sakura Empire,DD,1456.0,52.0,130.0,448.0,188.0,0.0,8.0,183.0,Light,45.0,152.0,0.0,0.0,0.75,DD Main Guns,1.5,Torpedoes,0.75,Anti-Air Guns
39,163,Shiratsuyu,rare/elite,Sakura Empire,DD,1427.0,56.0,130.0,463.0,184.0,0.0,8.0,171.0,Light,40.0,147.0,0.0,0.0,0.75,DD Main Guns,1.5,Torpedoes,0.75,Anti-Air Guns
40,164,Yuudachi,super rare,Sakura Empire,DD,1524.0,61.0,136.0,495.0,184.0,0.0,10.0,197.0,Light,40.0,180.0,0.0,0.0,0.85,DD Main Guns,1.5,Torpedoes,0.85,Anti-Air Guns
41,165,Shigure,rare/elite,Sakura Empire,DD,1469.0,57.0,131.0,477.0,184.0,0.0,9.0,184.0,Light,40.0,162.0,0.0,0.0,0.75,DD Main Guns,1.5,Torpedoes,0.75,Anti-Air Guns
42,166,Yukikaze,super rare,Sakura Empire,DD,1855.0,59.0,140.0,478.0,186.0,0.0,10.0,194.0,Light,42.0,190.0,0.0,0.0,0.75,DD Main Guns,1.5,Torpedoes,0.75,Anti-Air Guns
43,167,Kagerou,rare/elite,Sakura Empire,DD,1571.0,56.0,130.0,466.0,186.0,0.0,8.0,175.0,Light,42.0,169.0,0.0,0.0,0.8,DD Main Guns,1.55,Torpedoes,0.75,Anti-Air Guns
44,168,Shiranui,common,Sakura Empire,DD,1540.0,55.0,126.0,456.0,186.0,0.0,7.0,171.0,Light,42.0,155.0,0.0,0.0,0.8,DD Main Guns,1.65,Torpedoes,0.75,Anti-Air Guns
45,170,Nowaki,rare/elite,Sakura Empire,DD,1787.0,57.0,134.0,478.0,185.0,0.0,9.0,183.0,Light,42.0,172.0,0.0,0.0,0.8,DD Main Guns,1.55,Torpedoes,0.75,Anti-Air Guns
46,171,Hatsuharu,rare/elite,Sakura Empire,DD,1477.0,51.0,126.0,435.0,186.0,0.0,8.0,171.0,Light,43.0,169.0,0.0,0.0,0.75,DD Main Guns,1.5,Torpedoes,0.75,Anti-Air Guns
47,173,Wakaba,rare/elite,Sakura Empire,DD,1477.0,51.0,126.0,435.0,186.0,0.0,8.0,171.0,Light,43.0,169.0,0.0,0.0,0.75,DD Main Guns,1.5,Torpedoes,0.75,Anti-Air Guns
48,174,Hatsushimo,rare/elite,Sakura Empire,DD,1477.0,51.0,126.0,435.0,186.0,0.0,8.0,171.0,Light,43.0,169.0,0.0,0.0,0.75,DD Main Guns,1.5,Torpedoes,0.75,Anti-Air Guns
49,175,Ariake,rare/elite,Sakura Empire,DD,1477.0,51.0,126.0,435.0,186.0,0.0,8.0,171.0,Light,43.0,169.0,0.0,0.0,0.75,DD Main Guns,1.5,Torpedoes,0.75,Anti-Air Guns
50,176,Yuugure,rare/elite,Sakura Empire,DD,1350.0,51.0,126.0,435.0,187.0,0.0,8.0,171.0,Light,44.0,169.0,0.0,0.0,0.75,DD Main Guns,1.5,Torpedoes,0.75,Anti-Air Guns
51,177,Kuroshio,rare/elite,Sakura Empire,DD,1736.0,56.0,130.0,466.0,185.0,0.0,8.0,175.0,Light,42.0,169.0,0.0,0.0,0.75,DD Main Guns,1.5,Torpedoes,0.75,Anti-Air Guns
52,178,Oyashio,rare/elite,Sakura Empire,DD,1736.0,56.0,130.0,466.0,185.0,0.0,8.0,175.0,Light,42.0,169.0,0.0,0.0,0.75,DD Main Guns,1.5,Torpedoes,0.75,Anti-Air Guns
53,233,Z1,rare/elite,Ironblood,DD,1725.0,57.0,134.0,407.0,143.0,0.0,9.0,180.0,Light,41.0,177.0,0.0,0.0,1.25,DD Main Guns,1.4,Torpedoes,0.75,Anti-Air Guns
54,236,Z23,rare/elite,Ironblood,DD,1786.0,104.0,131.0,289.0,152.0,0.0,9.0,173.0,Light,42.0,181.0,0.0,0.0,1.75,DD/CL Main Guns,1.2,Torpedoes,0.85,Anti-Air Guns
55,237,Z25,rare/elite,Ironblood,DD,1778.0,104.0,134.0,289.0,150.0,0.0,9.0,165.0,Light,43.0,181.0,0.0,0.0,1.6,DD/CL Main Guns,1.2,Torpedoes,0.75,Anti-Air Guns
56,253,An Shan,rare/elite,Eastern Radiance,DD,1897.0,114.0,149.0,198.0,159.0,0.0,9.0,175.0,Light,45.0,180.0,0.0,0.0,1.55,DD Main Guns,1.0,Torpedoes,1.05,Anti-Air Guns
57,254,Fu Shun,rare/elite,Eastern Radiance,DD,1897.0,111.0,151.0,201.0,159.0,0.0,9.0,175.0,Light,45.0,180.0,0.0,0.0,1.55,DD Main Guns,1.0,Torpedoes,1.05,Anti-Air Guns
58,255,Chang Chun,rare/elite,Eastern Radiance,DD,1897.0,114.0,149.0,198.0,159.0,0.0,9.0,173.0,Light,45.0,180.0,0.0,0.0,1.55,DD Main Guns,1.0,Torpedoes,1.05,Anti-Air Guns
59,256,Tai Yuan,rare/elite,Eastern Radiance,DD,1897.0,111.0,151.0,199.0,159.0,0.0,9.0,173.0,Light,45.0,180.0,0.0,0.0,1.55,DD Main Guns,1.0,Torpedoes,1.05,Anti-Air Guns
60,263,Bailey,rare/elite,Eagle Union,DD,1521.0,76.0,149.0,282.0,156.0,0.0,8.0,178.0,Light,44.0,173.0,0.0,0.0,1.35,DD Main Guns,1.35,Torpedoes,1.25,Anti-Air Guns
61,264,Z19,rare/elite,Ironblood,DD,1708.0,59.0,129.0,398.0,143.0,0.0,8.0,175.0,Light,43.0,173.0,0.0,0.0,1.15,DD Main Guns,1.4,Torpedoes,0.75,Anti-Air Guns
62,265,Z20,common,Ironblood,DD,1675.0,57.0,126.0,391.0,143.0,0.0,7.0,171.0,Light,43.0,170.0,0.0,0.0,1.15,DD Main Guns,1.4,Torpedoes,0.75,Anti-Air Guns
63,266,Z21,common,Ironblood,DD,1675.0,57.0,126.0,391.0,143.0,0.0,7.0,171.0,Light,43.0,171.0,0.0,0.0,1.15,DD Main Guns,1.4,Torpedoes,0.75,Anti-Air Guns
64,267,Z46,super rare,Ironblood,DD,2237.0,78.0,222.0,410.0,146.0,0.0,10.0,184.0,Light,43.0,190.0,0.0,0.0,1.6,DD Main Guns,1.2,Torpedoes,1.4,Anti-Air Guns
65,269,Kamikaze,rare/elite,Sakura Empire,DD,1301.0,52.0,121.0,362.0,187.0,0.0,7.0,182.0,Light,44.0,183.0,0.0,0.0,0.75,DD Main Guns,1.45,Torpedoes,0.8,Anti-Air Guns
66,270,Matsukaze,rare/elite,Sakura Empire,DD,1301.0,51.0,113.0,362.0,184.0,0.0,7.0,176.0,Light,44.0,167.0,0.0,0.0,0.75,DD Main Guns,1.45,Torpedoes,0.8,Anti-Air Guns
67,271,Mutsuki,common,Sakura Empire,DD,1239.0,51.0,120.0,385.0,187.0,0.0,7.0,171.0,Light,44.0,162.0,0.0,0.0,0.75,DD Main Guns,1.5,Torpedoes,0.8,Anti-Air Guns
68,272,Kisaragi,common,Sakura Empire,DD,1239.0,51.0,120.0,385.0,187.0,0.0,7.0,171.0,Light,44.0,160.0,0.0,0.0,0.75,DD Main Guns,1.45,Torpedoes,0.75,Anti-Air Guns
69,274,Uzuki,common,Sakura Empire,DD,1239.0,51.0,120.0,385.0,187.0,0.0,7.0,171.0,Light,44.0,162.0,0.0,0.0,0.75,DD Main Guns,1.45,Torpedoes,0.75,Anti-Air Guns
70,276,Minazuki,common,Sakura Empire,DD,1239.0,51.0,120.0,385.0,187.0,0.0,7.0,171.0,Light,44.0,150.0,0.0,0.0,0.75,DD Main Guns,1.45,Torpedoes,0.75,Anti-Air Guns
71,277,Fumizuki,rare/elite,Sakura Empire,DD,1263.0,52.0,112.0,396.0,187.0,0.0,8.0,175.0,Light,44.0,165.0,0.0,0.0,0.75,DD Main Guns,1.45,Torpedoes,0.75,Anti-Air Guns
72,278,Nagatsuki,rare/elite,Sakura Empire,DD,0.0,0.0,0.0,0.0,0.0,0.0,0.0,0.0,,0.0,0.0,0.0,0.0,0.0,DD Main Guns,0.0,Torpedoes,0.0,Anti-Air Guns
73,280,Mikazuki,common,Sakura Empire,DD,1239.0,51.0,120.0,385.0,187.0,0.0,7.0,171.0,Light,44.0,164.0,0.0,0.0,0.75,DD Main Guns,1.45,Torpedoes,0.75,Anti-Air Guns
74,288,Kawakaze,super rare,Sakura Empire,DD,1525.0,60.0,140.0,495.0,184.0,0.0,10.0,188.0,Light,40.0,180.0,0.0,0.0,0.85,DD Main Guns,1.5,Torpedoes,0.85,Anti-Air Guns
75,295,Niizuki,rare/elite,Sakura Empire,DD,2037.0,66.0,168.0,330.0,174.0,0.0,9.0,183.0,Light,39.0,180.0,0.0,0.0,1.0,DD Main Guns,1.35,Torpedoes,1.35,Anti-Air Guns
76,296,Harutsuki,rare/elite,Sakura Empire,DD,2037.0,65.0,169.0,323.0,174.0,0.0,9.0,183.0,Light,39.0,187.0,0.0,0.0,1.0,DD Main Guns,1.35,Torpedoes,1.35,Anti-Air Guns
77,297,Yoizuki,rare/elite,Sakura Empire,DD,2037.0,65.0,173.0,323.0,174.0,0.0,9.0,183.0,Light,39.0,180.0,0.0,0.0,1.0,DD Main Guns,1.35,Torpedoes,1.35,Anti-Air Guns
78,299,Radford,rare/elite,Eagle Union,DD,1712.0,74.0,150.0,248.0,157.0,0.0,8.0,175.0,Light,45.0,186.0,0.0,0.0,1.2,DD Main Guns,1.3,Torpedoes,1.3,Anti-Air Guns
79,300,Jenkins,rare/elite,Eagle Union,DD,1733.0,74.0,150.0,248.0,156.0,0.0,8.0,175.0,Light,43.0,186.0,0.0,0.0,1.2,DD Main Guns,1.3,Torpedoes,1.3,Anti-Air Guns
80,301,Nicholas,rare/elite,Eagle Union,DD,1762.0,76.0,154.0,255.0,154.0,0.0,9.0,180.0,Light,42.0,192.0,0.0,0.0,1.4,DD Main Guns,1.4,Torpedoes,1.3,Anti-Air Guns
81,306,Jupiter,rare/elite,Royal Navy,DD,1280.0,66.0,135.0,324.0,204.0,0.0,8.0,175.0,Light,43.0,190.0,0.0,0.0,1.2,DD Main Guns,1.4,Torpedoes,1.05,Anti-Air Guns
82,307,Jersey,rare/elite,Royal Navy,DD,1280.0,66.0,135.0,324.0,204.0,0.0,8.0,175.0,Light,43.0,190.0,0.0,0.0,1.2,DD Main Guns,1.4,Torpedoes,1.05,Anti-Air Guns
83,316,Urakaze,rare/elite,Sakura Empire,DD,1736.0,55.0,129.0,456.0,185.0,0.0,8.0,175.0,Light,42.0,147.0,0.0,0.0,0.75,DD Main Guns,1.5,Torpedoes,0.75,Anti-Air Guns
84,317,Isokaze,rare/elite,Sakura Empire,DD,1736.0,57.0,130.0,456.0,185.0,0.0,8.0,175.0,Light,42.0,178.0,0.0,0.0,0.75,DD Main Guns,1.5,Torpedoes,0.75,Anti-Air Guns
85,318,Hamakaze,rare/elite,Sakura Empire,DD,1736.0,56.0,130.0,466.0,185.0,0.0,8.0,175.0,Light,42.0,168.0,0.0,0.0,0.8,DD Main Guns,1.65,Torpedoes,0.75,Anti-Air Guns
86,319,Tanikaze,rare/elite,Sakura Empire,DD,1736.0,56.0,134.0,466.0,185.0,0.0,8.0,171.0,Light,42.0,147.0,0.0,0.0,0.8,DD Main Guns,1.65,Torpedoes,0.75,Anti-Air Guns
87,325,Matchless,rare/elite,Royal Navy,DD,1402.0,66.0,136.0,353.0,204.0,0.0,9.0,175.0,Light,43.0,202.0,0.0,0.0,1.2,DD Main Guns,1.45,Torpedoes,1.0,Anti-Air Guns
88,326,Musketeer,rare/elite,Royal Navy,DD,1402.0,66.0,136.0,358.0,204.0,0.0,9.0,175.0,Light,43.0,202.0,0.0,0.0,1.2,DD Main Guns,1.45,Torpedoes,1.0,Anti-Air Guns
89,331,Asashio,rare/elite,Sakura Empire,DD,1614.0,54.0,130.0,461.0,185.0,0.0,8.0,171.0,Light,42.0,170.0,0.0,0.0,0.75,DD Main Guns,1.5,Torpedoes,0.75,Anti-Air Guns
90,332,Ooshio,rare/elite,Sakura Empire,DD,1614.0,54.0,130.0,463.0,185.0,0.0,8.0,171.0,Light,42.0,153.0,0.0,0.0,0.75,DD Main Guns,1.5,Torpedoes,0.75,Anti-Air Guns
91,333,Michishio,rare/elite,Sakura Empire,DD,1636.0,54.0,131.0,463.0,185.0,0.0,8.0,171.0,Light,42.0,170.0,0.0,0.0,0.75,DD Main Guns,1.5,Torpedoes,0.75,Anti-Air Guns
92,334,Arashio,rare/elite,Sakura Empire,DD,0.0,0.0,0.0,0.0,0.0,0.0,8.0,0.0,Light,0.0,0.0,0.0,0.0,0.75,DD Main Guns,1.5,Torpedoes,0.75,Anti-Air Guns
93,345,Z35,rare/elite,Ironblood,DD,1758.0,70.0,158.0,398.0,153.0,0.0,9.0,175.0,Light,43.0,183.0,0.0,0.0,1.5,DD Main Guns,1.2,Torpedoes,1.25,Anti-Air Guns
94,346,Z18,rare/elite,Ironblood,DD,1708.0,59.0,129.0,398.0,143.0,0.0,8.0,175.0,Light,43.0,173.0,0.0,0.0,1.15,DD Main Guns,1.4,Torpedoes,0.75,Anti-Air Guns
95,347,Le Triomphant,super rare,Iris Libre,DD,1684.0,114.0,145.0,233.0,206.0,0.0,10.0,180.0,Light,54.0,187.0,0.0,0.0,1.4,DD Main Guns,1.25,Torpedoes,1.4,Anti-Air Guns
96,348,Forbin,rare/elite,Iris Libre,DD,1147.0,60.0,120.0,368.0,193.0,0.0,8.0,168.0,Light,39.0,170.0,0.0,0.0,1.2,DD Main Guns,1.45,Torpedoes,0.8,Anti-Air Guns
97,351,Le Mars,rare/elite,Vichya Dominion,DD,1147.0,60.0,120.0,368.0,193.0,0.0,8.0,168.0,Light,39.0,168.0,0.0,0.0,1.2,DD Main Guns,1.45,Torpedoes,0.8,Anti-Air Guns
98,355,Bush,rare/elite,Eagle Union,DD,1712.0,74.0,164.0,247.0,154.0,0.0,8.0,175.0,Light,42.0,186.0,0.0,0.0,1.2,DD Main Guns,1.3,Torpedoes,1.35,Anti-Air Guns
99,359,Le Temeraire,rare/elite,Iris Libre,DD,1309.0,81.0,150.0,353.0,182.0,0.0,9.0,167.0,Light,42.0,168.0,0.0,0.0,1.3,DD Main Guns,1.15,Torpedoes,0.75,Anti-Air Guns
100,362,Hobby,rare/elite,Eagle Union,DD,1521.0,76.0,149.0,282.0,157.0,0.0,8.0,178.0,Light,45.0,192.0,0.0,0.0,1.3,DD Main Guns,1.3,Torpedoes,1.25,Anti-Air Guns
101,363,Kalk,rare/elite,Eagle Union,DD,1521.0,76.0,149.0,282.0,157.0,0.0,8.0,178.0,Light,45.0,174.0,0.0,0.0,1.3,DD Main Guns,1.3,Torpedoes,1.25,Anti-Air Guns
102,365,Hazelwood,rare/elite,Eagle Union,DD,1712.0,74.0,150.0,248.0,154.0,0.0,8.0,171.0,Light,42.0,198.0,0.0,0.0,1.2,DD Main Guns,1.3,Torpedoes,1.3,Anti-Air Guns
103,369,Hatakaze,rare/elite,Sakura Empire,DD,1301.0,52.0,121.0,362.0,187.0,0.0,7.0,176.0,Light,44.0,169.0,0.0,0.0,0.75,DD Main Guns,1.4,Torpedoes,0.75,Anti-Air Guns
104,370,Makinami,rare/elite,Sakura Empire,DD,1798.0,61.0,135.0,478.0,185.0,0.0,9.0,187.0,Light,42.0,174.0,0.0,0.0,0.8,DD Main Guns,1.55,Torpedoes,0.75,Anti-Air Guns
105,029,Omaha,common,Eagle Union,CL,2865.0,123.0,246.0,180.0,79.0,0.0,8.0,158.0,Light,35.0,70.0,0.0,0.0,1.2,CL Main Guns,1.55,Torpedoes,1.3,Anti-Air Guns
106,030,Raleigh,common,Eagle Union,CL,2865.0,123.0,246.0,180.0,79.0,0.0,8.0,158.0,Light,35.0,70.0,0.0,0.0,1.2,CL Main Guns,1.55,Torpedoes,1.3,Anti-Air Guns
107,031,Brooklyn,rare/elite,Eagle Union,CL,3076.0,142.0,270.0,0.0,73.0,0.0,9.0,157.0,Light,32.0,87.0,0.0,0.0,1.35,CL Main Guns,0.65,DD Main Guns,1.0,Anti-Air Guns
108,032,Phoenix,rare/elite,Eagle Union,CL,3076.0,142.0,270.0,0.0,73.0,0.0,9.0,157.0,Light,32.0,84.0,0.0,0.0,1.35,CL Main Guns,0.65,DD Main Guns,1.0,Anti-Air Guns
109,033,Helena,rare/elite,Eagle Union,CL,3204.0,149.0,279.0,0.0,73.0,0.0,10.0,161.0,Light,32.0,96.0,0.0,0.0,1.35,CL Main Guns,0.65,DD Main Guns,1.0,Anti-Air Guns
110,034,Atlanta,rare/elite,Eagle Union,CL,3126.0,112.0,380.0,137.0,73.0,0.0,9.0,156.0,Light,32.0,168.0,0.0,0.0,1.05,DD/CL Main Guns,1.35,Torpedoes,1.6,Anti-Air Guns
111,035,Juneau,rare/elite,Eagle Union,CL,3126.0,112.0,380.0,137.0,73.0,0.0,9.0,156.0,Light,32.0,168.0,0.0,0.0,1.05,DD/CL Main Guns,1.35,Torpedoes,1.6,Anti-Air Guns
112,036,San Diego,super rare,Eagle Union,CL,3338.0,119.0,406.0,146.0,73.0,0.0,11.0,165.0,Light,32.0,181.0,0.0,0.0,1.15,DD/CL Main Guns,1.35,Torpedoes,1.85,Anti-Air Guns
113,037,Cleveland,rare/elite,Eagle Union,CL,3880.0,144.0,285.0,0.0,77.0,0.0,10.0,164.0,Light,32.0,88.0,0.0,0.0,1.3,CL Main Guns,0.7,DD Main Guns,1.2,Anti-Air Guns
114,038,Columbia,rare/elite,Eagle Union,CL,3880.0,146.0,285.0,0.0,77.0,0.0,10.0,163.0,Light,32.0,88.0,0.0,0.0,1.3,CL Main Guns,0.7,DD Main Guns,1.2,Anti-Air Guns
115,104,Leander,common,Royal Navy,CL,2886.0,127.0,284.0,236.0,77.0,0.0,8.0,149.0,Light,32.0,110.0,0.0,0.0,1.35,CL Main Guns,1.65,Torpedoes,1.3,Anti-Air Guns
116,105,Achilles,rare/elite,Royal Navy,CL,2632.0,142.0,259.0,286.0,73.0,0.0,9.0,152.0,Light,32.0,113.0,0.0,0.0,1.6,CL Main Guns,1.6,Torpedoes,1.0,Anti-Air Guns
117,106,Ajax,rare/elite,Royal Navy,CL,2632.0,142.0,259.0,286.0,73.0,0.0,9.0,152.0,Light,32.0,113.0,0.0,0.0,1.6,CL Main Guns,1.6,Torpedoes,1.0,Anti-Air Guns
118,111,Sheffield,rare/elite,Royal Navy,CL,3389.0,135.0,311.0,259.0,76.0,0.0,10.0,159.0,Light,32.0,76.0,0.0,0.0,1.5,CL Main Guns,1.5,Torpedoes,1.1,Anti-Air Guns
119,114,Edinburgh,rare/elite,Royal Navy,CL,4078.0,137.0,276.0,246.0,76.0,0.0,10.0,153.0,Light,32.0,88.0,0.0,0.0,1.5,CL Main Guns,1.55,Torpedoes,1.0,Anti-Air Guns
120,115,Belfast,super rare,Royal Navy,CL,3544.0,156.0,257.0,301.0,72.0,0.0,11.0,159.0,Light,32.0,128.0,0.0,0.0,1.5,CL Main Guns,1.55,Torpedoes,1.0,Anti-Air Guns
121,116,Arethusa,rare/elite,Royal Navy,CL,2493.0,135.0,286.0,236.0,76.0,0.0,9.0,163.0,Light,32.0,101.0,0.0,0.0,1.3,CL Main Guns,1.55,Torpedoes,1.3,Anti-Air Guns
122,117,Galatea,rare/elite,Royal Navy,CL,2493.0,135.0,286.0,236.0,76.0,0.0,9.0,163.0,Light,32.0,81.0,0.0,0.0,1.3,CL Main Guns,1.55,Torpedoes,1.3,Anti-Air Guns
123,118,Aurora,rare/elite,Royal Navy,CL,2568.0,141.0,295.0,244.0,76.0,0.0,10.0,169.0,Light,32.0,96.0,0.0,0.0,1.35,CL Main Guns,1.55,Torpedoes,1.3,Anti-Air Guns
124,179,Yuubari,rare/elite,Sakura Empire,CL,1910.0,114.0,270.0,241.0,80.0,0.0,8.0,159.0,Light,35.0,73.0,0.0,0.0,1.1,CL Main Guns,1.6,Torpedoes,1.25,Anti-Air Guns
125,182,Nagara,common,Sakura Empire,CL,2547.0,122.0,243.0,244.0,80.0,0.0,8.0,150.0,Light,36.0,73.0,0.0,0.0,1.1,CL Main Guns,1.6,Torpedoes,1.25,Anti-Air Guns
126,183,Isuzu,rare/elite,Sakura Empire,CL,2844.0,104.0,304.0,191.0,76.0,0.0,9.0,153.0,Light,36.0,87.0,0.0,0.0,1.05,DD/CL Main Guns,1.4,Torpedoes,1.6,Anti-Air Guns
127,187,Abukuma,common,Sakura Empire,CL,2547.0,122.0,243.0,244.0,80.0,0.0,8.0,150.0,Light,36.0,81.0,0.0,0.0,1.15,CL Main Guns,1.75,Torpedoes,1.25,Anti-Air Guns
128,188,Mogami,rare/elite,Sakura Empire,CL,3547.0,175.0,162.0,161.0,36.0,0.0,11.0,164.0,Medium,29.0,39.0,0.0,0.0,1.25,CL Main Guns (CA on retrofit),1.6,Torpedoes,1.05,Anti-Air Guns
129,189,Mikuma,rare/elite,Sakura Empire,CL,3547.0,175.0,162.0,163.0,36.0,0.0,11.0,164.0,Medium,29.0,39.0,0.0,0.0,1.1,CL Main Guns,1.6,Torpedoes,1.0,Anti-Air Guns
130,238,Königsberg,common,Ironblood,CL,2989.0,133.0,295.0,239.0,76.0,0.0,8.0,152.0,Light,32.0,91.0,0.0,0.0,1.2,CL Main Guns,1.55,Torpedoes,1.3,Anti-Air Guns
131,239,Karlsruhe,common,Ironblood,CL,2989.0,133.0,295.0,239.0,76.0,0.0,8.0,152.0,Light,32.0,76.0,0.0,0.0,1.2,CL Main Guns,1.7,Torpedoes,1.35,Anti-Air Guns
132,240,Köln,common,Ironblood,CL,2989.0,133.0,295.0,239.0,76.0,0.0,8.0,152.0,Light,32.0,93.0,0.0,0.0,1.2,CL Main Guns,1.55,Torpedoes,1.3,Anti-Air Guns
133,241,Leipzig,rare/elite,Ironblood,CL,3106.0,129.0,308.0,236.0,76.0,0.0,9.0,161.0,Light,32.0,87.0,0.0,0.0,1.25,CL Main Guns,1.6,Torpedoes,1.3,Anti-Air Guns
134,257,Yat Sen,rare/elite,Eastern Radiance,CL,1698.0,104.0,307.0,0.0,62.0,0.0,10.0,159.0,Light,19.0,48.0,0.0,0.0,1.3,CL Main Guns,1.2,CL Main Guns,0.8,Anti-Air Guns
135,258,Ning Hai,rare/elite,Eastern Radiance,CL,1786.0,127.0,254.0,203.0,67.0,0.0,10.0,159.0,Light,23.0,66.0,0.0,0.0,1.45,CL Main Guns,1.55,Torpedoes,1.35,Anti-Air Guns
136,259,Ping Hai,rare/elite,Eastern Radiance,CL,1757.0,127.0,224.0,203.0,64.0,0.0,10.0,159.0,Light,21.0,66.0,0.0,0.0,1.45,CL Main Guns,1.55,Torpedoes,1.35,Anti-Air Guns
137,262,Avrora,super rare,North Union,CL,3024.0,91.0,139.0,194.0,62.0,0.0,11.0,130.0,Medium,19.0,50.0,0.0,0.0,1.3,CL Main Guns,1.25,Torpedoes,0.8,Anti-Air Guns
138,303,Richmond,common,Eagle Union,CL,2865.0,123.0,246.0,180.0,79.0,0.0,8.0,158.0,Light,35.0,81.0,0.0,0.0,1.2,CL Main Guns,1.55,Torpedoes,1.3,Anti-Air Guns
139,304,Honolulu,rare/elite,Eagle Union,CL,3076.0,142.0,270.0,0.0,73.0,0.0,9.0,157.0,Light,32.0,87.0,0.0,0.0,1.35,CL Main Guns,0.65,DD Main Guns,1.0,Anti-Air Guns
140,305,St. Louis,rare/elite,Eagle Union,CL,3204.0,149.0,279.0,0.0,73.0,0.0,10.0,161.0,Light,32.0,88.0,0.0,0.0,1.35,CL Main Guns,0.65,DD Main Guns,1.0,Anti-Air Guns
141,308,Sendai,rare/elite,Sakura Empire,CL,2243.0,130.0,241.0,298.0,75.0,0.0,9.0,161.0,Light,35.0,94.0,0.0,0.0,1.25,CL Main Guns,1.8,Torpedoes,1.15,Anti-Air Guns
142,309,Jintsuu,rare/elite,Sakura Empire,CL,2310.0,135.0,249.0,308.0,75.0,0.0,10.0,167.0,Light,35.0,87.0,0.0,0.0,1.25,CL Main Guns,1.8,Torpedoes,1.15,Anti-Air Guns
143,310,Naka,rare/elite,Sakura Empire,CL,2243.0,131.0,251.0,308.0,75.0,0.0,9.0,161.0,Light,35.0,91.0,0.0,0.0,1.2,CL Main Guns,1.65,Torpedoes,1.15,Anti-Air Guns
144,321,Agano,rare/elite,Sakura Empire,CL,2791.0,129.0,285.0,313.0,76.0,0.0,10.0,146.0,Light,35.0,69.0,0.0,0.0,1.0,CL Main Guns,1.7,Torpedoes,1.0,Anti-Air Guns
145,327,Fiji,rare/elite,Royal Navy,CL,3188.0,138.0,222.0,235.0,76.0,0.0,9.0,159.0,Light,32.0,103.0,0.0,0.0,1.4,CL Main Guns,1.55,Torpedoes,1.1,Anti-Air Guns
146,328,Jamaica,rare/elite,Royal Navy,CL,3232.0,137.0,291.0,235.0,76.0,0.0,9.0,158.0,Light,32.0,109.0,0.0,0.0,1.4,CL Main Guns,1.55,Torpedoes,1.1,Anti-Air Guns
147,329,Montpelier,super rare,Eagle Union,CL,3929.0,148.0,295.0,0.0,77.0,0.0,11.0,168.0,Light,32.0,91.0,0.0,0.0,1.3,CL Main Guns,0.75,DD Main Guns,1.2,Anti-Air Guns
148,330,Denver,rare/elite,Eagle Union,CL,3880.0,137.0,283.0,0.0,77.0,0.0,10.0,161.0,Light,32.0,88.0,0.0,0.0,1.3,CL Main Guns,0.7,DD Main Guns,1.2,Anti-Air Guns
149,335,Belchan,rare/elite,Royal Navy,CL,2885.0,138.0,247.0,286.0,72.0,0.0,10.0,161.0,Light,32.0,131.0,0.0,0.0,1.4,CL Main Guns,1.5,Torpedoes,1.0,Anti-Air Guns
150,349,Emile Bertin,rare/elite,Iris Libre,CL,2831.0,140.0,238.0,239.0,78.0,0.0,10.0,150.0,Light,34.0,128.0,0.0,0.0,1.4,CL Main Guns,1.55,Torpedoes,1.0,Anti-Air Guns
151,360,Memphis,rare/elite,Eagle Union,CL,0.0,0.0,0.0,0.0,0.0,0.0,0.0,0.0,Light,0.0,0.0,0.0,0.0,1.25,CL Main Guns,1.55,Torpedoes,1.25,Anti-Air Guns
152,361,Newcastle,rare/elite,Royal Navy,CL,0.0,0.0,0.0,0.0,0.0,0.0,0.0,0.0,Light,32.0,0.0,0.0,0.0,1.55,CL Main Guns,1.25,Torpedoes,1.45,Anti-Air Guns
153,366,Concord,rare/elite,Eagle Union,CL,0.0,0.0,0.0,0.0,0.0,0.0,0.0,0.0,Light,35.0,0.0,0.0,0.0,1.25,CL Main Guns,1.5,Torpedoes,1.3,Anti-Air Guns
154,039,Pensacola,common,Eagle Union,CA,2911.0,202.0,172.0,0.0,23.0,0.0,9.0,139.0,Light,26.0,0.0,0.0,0.0,1.2,CA Main Guns,0.45,DD Main Guns,1.05,Anti-Air Guns
155,040,Salt Lake City,common,Eagle Union,CA,2911.0,202.0,172.0,0.0,23.0,0.0,9.0,139.0,Light,26.0,0.0,0.0,0.0,1.2,CA Main Guns,0.45,DD Main Guns,1.05,Anti-Air Guns
156,041,Northampton,rare/elite,Eagle Union,CA,2961.0,209.0,178.0,0.0,23.0,0.0,10.0,145.0,Light,26.0,0.0,0.0,0.0,1.2,CA Main Guns,0.55,DD Main Guns,1.05,Anti-Air Guns
157,042,Chicago,rare/elite,Eagle Union,CA,3002.0,209.0,178.0,0.0,23.0,0.0,10.0,145.0,Light,26.0,0.0,0.0,0.0,1.2,CA Main Guns,0.55,DD Main Guns,1.05,Anti-Air Guns
158,043,Houston,rare/elite,Eagle Union,CA,3049.0,214.0,183.0,0.0,23.0,0.0,11.0,149.0,Light,26.0,0.0,0.0,0.0,1.2,CA Main Guns,0.55,DD Main Guns,1.05,Anti-Air Guns
159,044,Portland,rare/elite,Eagle Union,CA,4076.0,178.0,213.0,0.0,25.0,0.0,10.0,148.0,Medium,26.0,0.0,0.0,0.0,1.15,CA Main Guns,0.65,DD Main Guns,1.35,Anti-Air Guns
160,045,Indianapolis,rare/elite,Eagle Union,CA,4227.0,183.0,219.0,0.0,25.0,0.0,11.0,152.0,Medium,26.0,0.0,0.0,0.0,1.1,CA Main Guns,0.6,DD Main Guns,1.3,Anti-Air Guns
161,046,Astoria,rare/elite,Eagle Union,CA,3465.0,190.0,196.0,0.0,24.0,0.0,11.0,140.0,Medium,26.0,0.0,0.0,0.0,1.15,CA Main Guns,0.6,DD Main Guns,1.3,Anti-Air Guns
162,047,Quincy,rare/elite,Eagle Union,CA,3585.0,190.0,200.0,0.0,24.0,0.0,11.0,140.0,Medium,26.0,0.0,0.0,0.0,1.15,CA Main Guns,0.6,DD Main Guns,1.3,Anti-Air Guns
163,048,Vincennes,rare/elite,Eagle Union,CA,3585.0,190.0,200.0,0.0,24.0,0.0,11.0,140.0,Medium,26.0,0.0,0.0,0.0,1.15,CA Main Guns,0.6,DD Main Guns,1.3,Anti-Air Guns
164,049,Wichita,rare/elite,Eagle Union,CA,3297.0,233.0,193.0,0.0,23.0,0.0,11.0,156.0,Light,26.0,0.0,0.0,0.0,1.3,CA Main Guns,0.55,DD Main Guns,1.05,Anti-Air Guns
165,119,London,rare/elite,Royal Navy,CA,3137.0,194.0,185.0,194.0,22.0,0.0,11.0,144.0,Light,25.0,0.0,0.0,0.0,1.45,CA Main Guns,1.6,Torpedoes,1.0,Anti-Air Guns
166,120,Shropshire,rare/elite,Royal Navy,CA,3049.0,190.0,181.0,187.0,22.0,0.0,10.0,139.0,Light,25.0,0.0,0.0,0.0,1.45,CA Main Guns,1.6,Torpedoes,1.0,Anti-Air Guns
167,121,Kent,rare/elite,Royal Navy,CA,3090.0,190.0,181.0,187.0,21.0,0.0,10.0,139.0,Light,25.0,0.0,0.0,0.0,1.45,CA Main Guns,1.6,Torpedoes,1.0,Anti-Air Guns
168,122,Suffolk,rare/elite,Royal Navy,CA,3074.0,190.0,181.0,187.0,21.0,0.0,10.0,139.0,Light,25.0,0.0,0.0,0.0,1.6,CA Main Guns,1.65,Torpedoes,1.0,Anti-Air Guns
169,123,Norfolk,rare/elite,Royal Navy,CA,4126.0,154.0,210.0,123.0,24.0,0.0,10.0,139.0,Medium,25.0,0.0,0.0,0.0,1.25,CA Main Guns,1.6,Torpedoes,1.2,Anti-Air Guns
170,124,Dorsetshire,rare/elite,Royal Navy,CA,4246.0,159.0,217.0,213.0,24.0,0.0,10.0,144.0,Medium,25.0,0.0,0.0,0.0,1.25,CA Main Guns,1.5,Torpedoes,1.2,Anti-Air Guns
171,125,York,rare/elite,Royal Navy,CA,3253.0,196.0,211.0,168.0,23.0,0.0,11.0,153.0,Medium,32.0,0.0,0.0,0.0,1.55,CA Main Guns,1.65,Torpedoes,1.05,Anti-Air Guns
172,126,Exeter,rare/elite,Royal Navy,CA,3279.0,196.0,211.0,168.0,23.0,0.0,11.0,153.0,Medium,25.0,0.0,0.0,0.0,1.45,CA Main Guns,1.65,Torpedoes,1.15,Anti-Air Guns
173,190,Furutaka,common,Sakura Empire,CA,3043.0,187.0,140.0,165.0,33.0,0.0,9.0,142.0,Medium,31.0,0.0,0.0,0.0,1.3,CA Main Guns,1.8,Torpedoes,1.05,Anti-Air Guns
174,191,Kako,common,Sakura Empire,CA,3043.0,187.0,140.0,165.0,33.0,0.0,9.0,142.0,Medium,31.0,0.0,0.0,0.0,1.3,CA Main Guns,1.8,Torpedoes,1.05,Anti-Air Guns
175,192,Aoba,common,Sakura Empire,CA,3108.0,187.0,145.0,165.0,34.0,0.0,9.0,142.0,Medium,32.0,0.0,0.0,0.0,1.3,CA Main Guns,1.65,Torpedoes,1.0,Anti-Air Guns
176,193,Kinugasa,common,Sakura Empire,CA,3108.0,187.0,145.0,165.0,34.0,0.0,9.0,142.0,Medium,32.0,0.0,0.0,0.0,1.3,CA Main Guns,1.65,Torpedoes,1.0,Anti-Air Guns
177,196,Myoukou,rare/elite,Sakura Empire,CA,4746.0,171.0,168.0,130.0,36.0,0.0,10.0,142.0,Medium,32.0,0.0,0.0,0.0,1.3,CA Main Guns,1.65,Torpedoes,1.0,Anti-Air Guns
178,197,Nachi,rare/elite,Sakura Empire,CA,4746.0,171.0,168.0,130.0,36.0,0.0,10.0,142.0,Medium,32.0,0.0,0.0,0.0,1.3,CA Main Guns,1.65,Torpedoes,1.0,Anti-Air Guns
179,198,Ashigara,rare/elite,Sakura Empire,CA,3783.0,203.0,148.0,194.0,33.0,0.0,11.0,146.0,Medium,28.0,0.0,0.0,0.0,1.3,CA Main Guns,1.65,Torpedoes,1.0,Anti-Air Guns
180,200,Takao,super rare,Sakura Empire,CA,3818.0,236.0,155.0,213.0,33.0,0.0,12.0,152.0,Medium,31.0,0.0,0.0,0.0,1.25,CA Main Guns,1.75,Torpedoes,1.0,Anti-Air Guns
181,201,Atago,super rare,Sakura Empire,CA,3818.0,236.0,155.0,213.0,33.0,0.0,12.0,152.0,Medium,31.0,0.0,0.0,0.0,1.35,CA Main Guns,1.7,Torpedoes,1.0,Anti-Air Guns
182,202,Maya,super rare,Sakura Empire,CA,3818.0,236.0,155.0,213.0,33.0,0.0,12.0,152.0,Medium,31.0,0.0,0.0,0.0,1.25,CA Main Guns,1.7,Torpedoes,1.2,Anti-Air Guns
183,203,Choukai,super rare,Sakura Empire,CA,3818.0,228.0,155.0,192.0,33.0,0.0,12.0,152.0,Medium,31.0,0.0,0.0,0.0,1.25,CA Main Guns,1.3,Torpedoes,1.1,Anti-Air Guns
184,242,Admiral Hipper,rare/elite,Ironblood,CA,4518.0,218.0,164.0,165.0,23.0,0.0,11.0,153.0,Medium,25.0,0.0,0.0,0.0,1.3,CA Main Guns,1.6,Torpedoes,1.0,Anti-Air Guns
185,244,Prinz Eugen,super rare,Ironblood,CA,5683.0,196.0,178.0,133.0,24.0,0.0,12.0,159.0,Medium,25.0,0.0,0.0,0.0,1.25,CA Main Guns,1.6,Torpedoes,1.2,Anti-Air Guns
186,245,Deutschland,rare/elite,Ironblood,CA,3571.0,265.0,134.0,191.0,18.0,0.0,11.0,153.0,Medium,22.0,0.0,0.0,0.0,1.4,CA Main Guns,1.3,Torpedoes,1.0,Anti-Air Guns
187,246,Admiral Graf.Spee,rare/elite,Ironblood,CA,3877.0,261.0,134.0,188.0,18.0,0.0,11.0,152.0,Medium,22.0,0.0,0.0,0.0,1.4,CA Main Guns,1.3,Torpedoes,1.0,Anti-Air Guns
188,337,Sussex,rare/elite,Royal Navy,CA,3049.0,176.0,222.0,187.0,22.0,0.0,10.0,139.0,Light,25.0,0.0,0.0,0.0,1.45,CA Main Guns,1.6,Torpedoes,1.0,Anti-Air Guns
189,364,Minneapolis,super rare,Eagle Union,CA,3707.0,225.0,216.0,0.0,24.0,0.0,12.0,159.0,Medium,26.0,0.0,0.0,0.0,1.25,CA Main Guns,0.7,DD Main Guns,1.25,Anti-Air Guns
190,052,Nevada,common,Eagle Union,BB,5960.0,338.0,175.0,0.0,11.0,0.0,12.0,115.0,Heavy,20.0,0.0,0.0,0.0,1.35,BB Main Guns,2.15,DD Main Guns,1.0,Anti-Air Guns
191,053,Oklahoma,common,Eagle Union,BB,5960.0,338.0,175.0,0.0,11.0,0.0,12.0,115.0,Heavy,20.0,0.0,0.0,0.0,1.35,BB Main Guns,2.15,DD Main Guns,1.0,Anti-Air Guns
192,054,Pennsylvania,rare/elite,Eagle Union,BB,6165.0,349.0,185.0,0.0,11.0,0.0,13.0,119.0,Heavy,21.0,0.0,0.0,0.0,1.3,BB Main Guns,2.0,DD Main Guns,1.0,Anti-Air Guns
193,055,Arizona,rare/elite,Eagle Union,BB,6116.0,358.0,190.0,0.0,11.0,0.0,14.0,121.0,Heavy,21.0,0.0,0.0,0.0,1.3,BB Main Guns,2.0,DD Main Guns,1.0,Anti-Air Guns
194,058,Tennessee,rare/elite,Eagle Union,BB,6339.0,350.0,183.0,0.0,11.0,0.0,13.0,121.0,Heavy,21.0,0.0,0.0,0.0,1.3,BB Main Guns,2.0,DD Main Guns,1.0,Anti-Air Guns
195,059,California,rare/elite,Eagle Union,BB,6339.0,350.0,183.0,0.0,11.0,0.0,13.0,121.0,Heavy,21.0,0.0,0.0,0.0,1.3,BB Main Guns,2.0,DD Main Guns,1.0,Anti-Air Guns
196,060,Colorado,rare/elite,Eagle Union,BB,6416.0,368.0,188.0,0.0,11.0,0.0,14.0,130.0,Heavy,21.0,0.0,0.0,0.0,1.3,BB Main Guns,2.0,DD Main Guns,1.0,Anti-Air Guns
197,061,Maryland,rare/elite,Eagle Union,BB,6466.0,364.0,188.0,0.0,11.0,0.0,14.0,127.0,Heavy,21.0,0.0,0.0,0.0,1.3,BB Main Guns,2.0,DD Main Guns,1.0,Anti-Air Guns
198,062,West Virginia,rare/elite,Eagle Union,BB,6416.0,368.0,188.0,0.0,11.0,0.0,14.0,130.0,Heavy,21.0,0.0,0.0,0.0,1.3,BB Main Guns,2.0,DD Main Guns,1.0,Anti-Air Guns
199,063,North Carolina,super rare,Eagle Union,BB,6798.0,385.0,368.0,0.0,18.0,0.0,15.0,138.0,Heavy,28.0,0.0,0.0,0.0,1.3,BB Main Guns,2.0,DD Main Guns,1.0,Anti-Air Guns
200,064,Washington,super rare,Eagle Union,BB,6996.0,385.0,368.0,0.0,18.0,0.0,15.0,138.0,Heavy,28.0,0.0,0.0,0.0,1.3,BB Main Guns,2.0,DD Main Guns,1.0,Anti-Air Guns
201,065,South Dakota,super rare,Eagle Union,BB,6953.0,379.0,368.0,0.0,18.0,0.0,15.0,138.0,Heavy,27.0,0.0,0.0,0.0,1.3,BB Main Guns,2.0,DD Main Guns,1.0,Anti-Air Guns
202,130,Queen Elizabeth,rare/elite,Royal Navy,BB,6464.0,368.0,185.0,0.0,15.0,0.0,14.0,126.0,Heavy,24.0,0.0,0.0,0.0,1.3,BB Main Guns,2.0,DD/CL Main Guns,1.0,Anti-Air Guns
203,131,Warspite,super rare,Royal Navy,BB,6710.0,396.0,191.0,0.0,15.0,0.0,15.0,138.0,Heavy,24.0,0.0,0.0,0.0,1.3,BB Main Guns,2.0,DD/CL Main Guns,1.0,Anti-Air Guns
204,132,Nelson,rare/elite,Royal Navy,BB,6598.0,372.0,190.0,0.0,15.0,0.0,14.0,130.0,Heavy,23.0,0.0,0.0,0.0,1.3,BB Main Guns,2.0,DD/CL Main Guns,1.0,Anti-Air Guns
205,133,Rodney,rare/elite,Royal Navy,BB,6577.0,372.0,190.0,0.0,13.0,0.0,14.0,130.0,Heavy,23.0,0.0,0.0,0.0,1.3,BB Main Guns,2.0,DD/CL Main Guns,1.0,Anti-Air Guns
206,135,Prince of Wales,super rare,Royal Navy,BB,6897.0,387.0,200.0,0.0,18.0,0.0,15.0,136.0,Heavy,28.0,0.0,0.0,0.0,1.35,BB Main Guns,2.0,DD/CL Main Guns,1.0,Anti-Air Guns
207,136,Duke of York,super rare,Royal Navy,BB,6897.0,385.0,196.0,0.0,18.0,0.0,15.0,133.0,Heavy,28.0,0.0,0.0,0.0,1.35,BB Main Guns,2.0,DD/CL Main Guns,1.0,Anti-Air Guns
208,208,Fusou,rare/elite,Sakura Empire,BB,5911.0,349.0,193.0,0.0,13.0,0.0,13.0,120.0,Heavy,23.0,0.0,0.0,0.0,1.65,BB Main Guns,2.0,DD/CL Main Guns (Seaplane on retrofit),0.85,Anti-Air Guns
209,209,Yamashiro,rare/elite,Sakura Empire,BB,6246.0,349.0,193.0,0.0,13.0,0.0,13.0,120.0,Heavy,23.0,0.0,0.0,0.0,1.65,BB Main Guns,2.0,DD/CL Main Guns (Seaplane on retrofit),0.85,Anti-Air Guns
210,210,Ise,rare/elite,Sakura Empire,BB,6105.0,357.0,200.0,0.0,13.0,0.0,13.0,123.0,Heavy,23.0,0.0,0.0,0.0,1.8,BB Main Guns,1.8,DD/CL Main Guns (Seaplane on retrofit),0.95,Anti-Air Guns
211,211,Hyuuga,rare/elite,Sakura Empire,BB,6105.0,357.0,200.0,0.0,13.0,0.0,13.0,123.0,Heavy,23.0,0.0,0.0,0.0,1.75,BB Main Guns,2.0,DD/CL Main Guns (Seaplane on retrofit),0.95,Anti-Air Guns
212,212,Nagato,super rare,Sakura Empire,BB,6955.0,377.0,159.0,0.0,18.0,0.0,15.0,127.0,Heavy,25.0,0.0,0.0,0.0,1.35,BB Main Guns,2.1,DD/CL Main Guns,1.0,Anti-Air Guns
213,213,Mutsu,rare/elite,Sakura Empire,BB,6766.0,368.0,161.0,0.0,16.0,0.0,14.0,126.0,Heavy,25.0,0.0,0.0,0.0,1.3,BB Main Guns,2.1,DD/CL Main Guns,1.0,Anti-Air Guns
214,250,Bismarck,,Ironblood,BB,0.0,0.0,0.0,0.0,0.0,0.0,0.0,0.0,Heavy,0.0,0.0,0.0,0.0,0.0,BB Main Guns,0.0,DD/CL Main Guns,0.0,Anti-Air Guns
215,251,Tirpitz,super rare,Ironblood,BB,7637.0,387.0,181.0,188.0,21.0,0.0,15.0,130.0,Heavy,30.0,0.0,0.0,0.0,1.3,BB Main Guns,2.0,DD/CL Main Guns,0.9,Anti-Air Guns
216,320,Mikasa,super rare,Sakura Empire,BB,4572.0,296.0,150.0,0.0,8.0,0.0,14.0,142.0,Heavy,18.0,0.0,0.0,0.0,1.3,BB Main Guns,1.5,DD/CL Main Guns,1.5,DD Main Guns
217,353,Jean Bart,super rare,Vichya Dominion,BB,6897.0,378.0,210.0,0.0,23.0,0.0,15.0,156.0,Heavy,32.0,0.0,0.0,0.0,1.6,BB Main Guns,2.0,DD/CL Main Guns,0.7,Anti-Air Guns
218,354,Massachusetts,super rare,Eagle Union,BB,6738.0,379.0,368.0,0.0,18.0,0.0,15.0,136.0,Heavy,27.0,0.0,0.0,0.0,1.3,BB Main Guns,2.0,DD Main Guns,1.0,Anti-Air Guns
219,368,Kaga (Battleship),super rare,Sakura Empire,BB,7115.0,381.0,162.0,188.0,20.0,0.0,15.0,130.0,Heavy,26.0,0.0,0.0,0.0,1.35,BB Main Guns,2.0,DD/CL Main Guns,0.9,Anti-Air Guns
220,127,Renown,rare/elite,Royal Navy,BC,5283.0,335.0,241.0,0.0,22.0,0.0,13.0,136.0,Medium,32.0,0.0,0.0,0.0,1.35,BB Main Guns,1.5,DD Main Guns,0.7,Anti-Air Guns
221,128,Repulse,rare/elite,Royal Navy,BC,5133.0,315.0,234.0,0.0,21.0,0.0,12.0,133.0,Medium,31.0,0.0,0.0,0.0,1.35,BB Main Guns,1.5,DD Main Guns,0.7,Anti-Air Guns
222,129,Hood,super rare,Royal Navy,BC,7677.0,312.0,285.0,0.0,22.0,0.0,14.0,138.0,Medium,31.0,0.0,0.0,0.0,1.4,BB Main Guns,1.5,DD Main Guns,1.0,Anti-Air Guns
223,204,Kongou,rare/elite,Sakura Empire,BC,5620.0,327.0,238.0,0.0,20.0,0.0,14.0,138.0,Medium,30.0,0.0,0.0,0.0,1.35,BB Main Guns,1.5,DD/CL Main Guns,0.9,Anti-Air Guns
224,205,Hiei,rare/elite,Sakura Empire,BC,5620.0,327.0,238.0,0.0,20.0,0.0,14.0,139.0,Medium,30.0,0.0,0.0,0.0,1.35,BB Main Guns,1.5,DD/CL Main Guns,0.9,Anti-Air Guns
225,206,Haruna,rare/elite,Sakura Empire,BC,5620.0,320.0,238.0,0.0,20.0,0.0,14.0,138.0,Medium,30.0,0.0,0.0,0.0,1.35,BB Main Guns,1.5,DD/CL Main Guns,0.9,Anti-Air Guns
226,207,Kirishima,rare/elite,Sakura Empire,BC,5620.0,327.0,238.0,0.0,20.0,0.0,14.0,139.0,Medium,30.0,0.0,0.0,0.0,1.35,BB Main Guns,1.5,DD/CL Main Guns,0.9,Anti-Air Guns
227,248,Scharnhorst,rare/elite,Ironblood,BC,6415.0,326.0,216.0,131.0,22.0,0.0,13.0,137.0,Medium,31.0,0.0,0.0,0.0,1.35,BB Main Guns,1.5,DD/CL Main Guns,0.7,Anti-Air Guns
228,249,Gneisenau,rare/elite,Ironblood,BC,6415.0,326.0,216.0,131.0,22.0,0.0,13.0,137.0,Medium,31.0,0.0,0.0,0.0,1.35,BB Main Guns,1.5,DD/CL Main Guns,0.7,Anti-Air Guns
229,352,Dunkerque,rare/elite,Vichya Dominion,BC,5827.0,317.0,197.0,0.0,22.0,0.0,13.0,142.0,Medium,31.0,0.0,0.0,0.0,1.7,BB Main Guns,1.5,DD Main Guns,0.7,Anti-Air Guns
230,367,Amagi,super rare,Sakura Empire,BC,6514.0,379.0,162.0,186.0,24.0,0.0,15.0,129.0,Medium,30.0,0.0,0.0,0.0,1.35,BB Main Guns,1.8,DD/CL Main Guns,0.9,Anti-Air Guns
231,149,Erebus,rare/elite,Royal Navy,BM,3035.0,247.0,149.0,0.0,28.0,0.0,10.0,126.0,Light,12.0,0.0,0.0,0.0,1.2,BB Main Guns,2.0,DD Main Guns,1.0,Anti-Air Guns
232,150,Terror,rare/elite,Royal Navy,BM,3035.0,247.0,149.0,0.0,28.0,0.0,10.0,126.0,Light,12.0,0.0,0.0,0.0,1.2,BB Main Guns,2.0,DD Main Guns,1.0,Anti-Air Guns
233,336,Abercrombie,rare/elite,Royal Navy,BM,3148.0,251.0,158.0,0.0,29.0,0.0,10.0,129.0,Light,12.0,0.0,0.0,0.0,1.2,BB Main Guns,2.05,DD Main Guns,1.0,Anti-Air Guns
234,073,Lexington,rare/elite,Eagle Union,CV,6116.0,0.0,266.0,0.0,34.0,356.0,12.0,96.0,Medium,33.0,0.0,0.0,0.0,1.2,Fighter,1.3,Dive Bomber,1.3,Dive Bomber
235,074,Saratoga,rare/elite,Eagle Union,CV,6116.0,0.0,266.0,0.0,34.0,356.0,12.0,96.0,Medium,33.0,0.0,0.0,0.0,1.25,Fighter,1.4,Dive Bomber,1.4,Dive Bomber
236,076,Yorktown,rare/elite,Eagle Union,CV,5041.0,0.0,280.0,0.0,34.0,354.0,12.0,105.0,Medium,32.0,0.0,0.0,0.0,1.25,Fighter,1.25,Dive Bomber,1.25,Torpedo Bomber
237,077,Enterprise,super rare,Eagle Union,CV,5385.0,0.0,291.0,0.0,49.0,394.0,13.0,115.0,Medium,32.0,0.0,0.0,0.0,1.25,Fighter,1.25,Dive Bomber,1.25,Torpedo Bomber
238,078,Hornet,rare/elite,Eagle Union,CV,5063.0,0.0,270.0,0.0,34.0,360.0,12.0,105.0,Medium,32.0,0.0,0.0,0.0,1.25,Fighter,1.25,Dive Bomber,1.25,Torpedo Bomber
239,079,Wasp,rare/elite,Eagle Union,CV,4219.0,0.0,238.0,0.0,31.0,292.0,11.0,102.0,Medium,29.0,0.0,0.0,0.0,1.25,Fighter,1.25,Dive Bomber,1.25,Torpedo Bomber
240,144,Ark Royal,rare/elite,Royal Navy,CV,5311.0,0.0,270.0,0.0,33.0,358.0,12.0,102.0,Medium,31.0,0.0,0.0,0.0,1.4,Torpedo Bomber,1.4,Torpedo Bomber,0.8,Dive Bomber
241,145,Illustrious,super rare,Royal Navy,CV,5806.0,0.0,260.0,0.0,33.0,358.0,13.0,102.0,Heavy,30.0,0.0,0.0,0.0,1.35,Fighter,1.35,Fighter,1.1,Torpedo Bomber
242,146,Victorious,super rare,Royal Navy,CV,5445.0,0.0,253.0,0.0,33.0,368.0,13.0,90.0,Heavy,30.0,0.0,0.0,0.0,1.2,Fighter,1.3,Dive Bomber,1.3,Torpedo Bomber
243,148,Glorious,rare/elite,Royal Navy,CV,5490.0,0.0,257.0,0.0,31.0,320.0,12.0,95.0,Medium,30.0,0.0,0.0,0.0,1.4,Fighter,1.15,Torpedo Bomber,1.15,Torpedo Bomber
244,224,Akagi,super rare,Sakura Empire,CV,5830.0,0.0,285.0,0.0,33.0,368.0,13.0,114.0,Medium,31.0,0.0,0.0,0.0,1.25,Fighter,1.25,Dive Bomber,1.25,Torpedo Bomber
245,225,Kaga,super rare,Sakura Empire,CV,5992.0,0.0,285.0,0.0,29.0,366.0,13.0,114.0,Medium,28.0,0.0,0.0,0.0,1.1,Fighter,1.1,Dive Bomber,1.5,Torpedo Bomber
246,226,Souryuu,rare/elite,Sakura Empire,CV,4522.0,0.0,276.0,0.0,36.0,349.0,12.0,105.0,Medium,34.0,0.0,0.0,0.0,1.25,Fighter,1.5,Dive Bomber,1.15,Torpedo Bomber
247,227,Hiryuu,rare/elite,Sakura Empire,CV,4714.0,0.0,274.0,0.0,36.0,350.0,12.0,105.0,Medium,34.0,0.0,0.0,0.0,1.25,Fighter,1.15,Dive Bomber,1.5,Torpedo Bomber
248,228,Shoukaku,super rare,Sakura Empire,CV,5954.0,0.0,310.0,0.0,36.0,370.0,13.0,104.0,Medium,34.0,0.0,0.0,0.0,1.1,Fighter,1.1,Dive Bomber,1.5,Torpedo Bomber
249,229,Zuikaku,super rare,Sakura Empire,CV,6365.0,0.0,285.0,0.0,36.0,372.0,13.0,104.0,Medium,34.0,0.0,0.0,0.0,1.3,Fighter,1.25,Dive Bomber,1.25,Torpedo Bomber
250,230,Taihou,super rare,Sakura Empire,CV,6412.0,0.0,281.0,0.0,34.0,358.0,13.0,104.0,Heavy,33.0,0.0,0.0,0.0,1.2,Fighter,1.3,Dive Bomber,1.4,Torpedo Bomber
251,252,Graf Zeppelin,super rare,Ironblood,CV,6808.0,0.0,281.0,0.0,36.0,358.0,13.0,100.0,Medium,33.0,0.0,0.0,0.0,1.2,Fighter,1.3,Dive Bomber,1.3,Dive Bomber
252,357,Essex,super rare,Eagle Union,CV,5730.0,0.0,293.0,0.0,34.0,391.0,13.0,114.0,Medium,16.0,0.0,0.0,0.0,1.4,Fighter,1.3,Dive Bomber,1.2,Torpedo Bomber
253,070,Long Island,rare/elite,Eagle Union,CVL,4044.0,0.0,224.0,0.0,39.0,246.0,10.0,158.0,Medium,16.0,88.0,0.0,0.0,1.45,Fighter,1.3,Dive Bomber,0.85,Anti-Air Guns
254,071,Bogue,common,Eagle Union,CVL,3379.0,0.0,219.0,0.0,39.0,244.0,9.0,156.0,Medium,18.0,131.0,0.0,0.0,1.3,Fighter,1.45,Dive Bomber,0.85,Anti-Air Guns
255,072,Langley,common,Eagle Union,CVL,3845.0,0.0,213.0,0.0,38.0,177.0,9.0,107.0,Medium,15.0,84.0,0.0,0.0,1.45,Fighter,1.45,DD Main Guns / Fighter after first LB,0.85,Dive Bomber
256,075,Ranger,common,Eagle Union,CVL,4120.0,0.0,216.0,0.0,49.0,209.0,9.0,114.0,Medium,29.0,94.0,0.0,0.0,1.05,Torpedo Bomber,1.45,Dive Bomber,1.45,Dive Bomber
257,140,Hermes,common,Royal Navy,CVL,3553.0,0.0,215.0,0.0,47.0,246.0,9.0,150.0,Medium,25.0,91.0,0.0,0.0,1.3,Torpedo Bomber,1.3,Torpedo Bomber,0.8,Anti-Air Guns
258,142,Unicorn,rare/elite,Royal Navy,CVL,4601.0,0.0,234.0,0.0,46.0,270.0,11.0,157.0,Medium,24.0,95.0,0.0,0.0,1.3,Fighter,1.3,Torpedo Bomber,0.8,Anti-Air Guns
259,218,Hiyou,rare/elite,Sakura Empire,CVL,4448.0,0.0,215.0,0.0,49.0,244.0,11.0,137.0,Medium,25.0,70.0,0.0,0.0,1.0,Fighter,1.1,Dive Bomber,1.2,Torpedo Bomber
260,219,Junyou,rare/elite,Sakura Empire,CVL,4448.0,0.0,215.0,0.0,49.0,244.0,11.0,137.0,Medium,25.0,69.0,0.0,0.0,1.0,Fighter,1.1,Dive Bomber,1.2,Torpedo Bomber
261,220,Houshou,rare/elite,Sakura Empire,CVL,3095.0,0.0,224.0,0.0,47.0,251.0,11.0,153.0,Medium,25.0,81.0,0.0,0.0,1.0,CL Main Guns,1.3,Fighter,1.3,Torpedo Bomber
262,222,Shouhou,rare/elite,Sakura Empire,CVL,3692.0,0.0,216.0,0.0,50.0,244.0,10.0,154.0,Medium,28.0,73.0,0.0,0.0,1.45,Dive Bomber,1.35,Torpedo Bomber,0.8,Anti-Air Guns
263,223,Ryuujou,rare/elite,Sakura Empire,CVL,3657.0,0.0,219.0,0.0,61.0,308.0,11.0,156.0,Medium,28.0,63.0,0.0,0.0,1.3,Fighter,1.45,Torpedo Bomber,0.8,Anti-Air Guns
264,356,Centaur,super rare,Royal Navy,CVL,5712.0,0.0,234.0,0.0,50.0,379.0,13.0,139.0,Medium,28.0,112.0,0.0,0.0,1.25,Fighter,1.2,Fighter,1.4,Torpedo Bomber
265,080,Vestal,rare/elite,Eagle Union,AR,3986.0,43.0,132.0,0.0,16.0,0.0,10.0,146.0,Light,16.0,0.0,0.0,1.0,0.0,Auxiliary Equipment,1.0,Anti-Air Guns,1.0,Anti-Air Guns
266,232,Akashi,super rare,Sakura Empire,AR,3525.0,38.0,139.0,0.0,20.0,0.0,11.0,157.0,Light,19.0,0.0,0.0,1.0,0.0,Auxiliary Equipment,1.0,Anti-Air Guns,1.0,Anti-Air Guns
267,001,HDN Neptune,rare/elite,Neptunia,CL,3041.0,133.0,266.0,254.0,73.0,0.0,10.0,149.0,Light,31.0,108.0,0.0,0.0,1.4,CL Main Guns,1.5,Torpedoes,1.0,Anti-Air Guns
268,002,Noire,rare/elite,Neptunia,CA,3387.0,206.0,155.0,173.0,30.0,0.0,11.0,144.0,Medium,27.0,0.0,0.0,0.0,1.25,CA Main Guns,1.65,Torpedoes,1.1,Anti-Air Guns
269,003,Blanc,rare/elite,Neptunia,DD,1513.0,61.0,129.0,396.0,169.0,0.0,9.0,180.0,Light,45.0,180.0,0.0,0.0,0.75,DD Main Guns,1.5,Torpedoes,0.75,Anti-Air Guns
270,004,Vert,rare/elite,Neptunia,CV,4802.0,0.0,253.0,0.0,34.0,336.0,12.0,97.0,Medium,28.0,0.0,0.0,0.0,1.2,Fighter,1.25,Dive Bomber,1.25,Dive Bomber
271,005,Purple Heart,super rare,Neptunia,CL,3293.0,145.0,276.0,273.0,76.0,0.0,11.0,156.0,Light,31.0,113.0,0.0,0.0,1.45,CL Main Guns,1.5,Torpedoes,1.0,Anti-Air Guns
272,006,Black Heart,super rare,Neptunia,CA,3610.0,218.0,168.0,190.0,33.0,0.0,12.0,148.0,Medium,27.0,0.0,0.0,0.0,1.3,CA Main Guns,1.65,Torpedoes,1.1,Anti-Air Guns
273,007,White Heart,super rare,Neptunia,DD,1622.0,65.0,134.0,433.0,171.0,0.0,10.0,187.0,Light,45.0,186.0,0.0,0.0,0.8,DD Main Guns,1.5,Torpedoes,0.75,Anti-Air Guns
274,008,Green Heart,super rare,Neptunia,CV,5027.0,0.0,262.0,0.0,36.0,354.0,13.0,100.0,Medium,28.0,0.0,0.0,0.0,1.2,Fighter,1.25,Dive Bomber,1.25,Dive Bomber
275,031,Kuon,super rare,Utawarerumono,CA,3662.0,206.0,153.0,172.0,28.0,0.0,12.0,140.0,Medium,28.0,0.0,0.0,0.0,1.1,CA Main Guns,1.05,Torpedoes,0.75,Anti-Air Guns
276,032,Nekone,super rare,Utawarerumono,DD,1617.0,85.0,183.0,316.0,183.0,0.0,10.0,173.0,Light,39.0,144.0,0.0,0.0,0.85,DD Main Guns,1.2,Torpedoes,0.65,Anti-Air Guns
277,033,Rurutie,super rare,Utawarerumono,CL,3618.0,131.0,240.0,216.0,80.0,0.0,11.0,148.0,Light,32.0,93.0,0.0,0.0,1.1,CL Main Guns,1.4,Torpedoes,0.6,Anti-Air Guns
278,034,Uruuru,rare/elite,Utawarerumono,CVL,3727.0,0.0,222.0,0.0,49.0,206.0,11.0,136.0,Light,26.0,63.0,0.0,0.0,1.3,Fighter,1.25,Dive Bomber,0.8,Anti-Air Guns
279,035,Saraana,rare/elite,Utawarerumono,CVL,3727.0,0.0,222.0,0.0,49.0,206.0,11.0,136.0,Light,26.0,63.0,0.0,0.0,1.3,Fighter,1.25,Torpedo Bomber,0.8,Anti-Air Guns
280,036,Fumiruiru,rare/elite,Utawarerumono,CV,4458.0,0.0,232.0,0.0,33.0,299.0,12.0,82.0,Medium,32.0,0.0,0.0,0.0,1.05,Fighter,1.05,Torpedo Bomber,1.05,Torpedo Bomber
281,Collab021,22,rare/elite,Bilibili,DD,1189.0,47.0,130.0,178.0,156.0,0.0,9.0,156.0,Light,43.0,171.0,0.0,0.0,1.35,DD Main Guns,1.15,Torpedoes,0.95,Anti-Air Guns
282,Collab022,33,rare/elite,Bilibili,DD,1145.0,34.0,130.0,218.0,156.0,0.0,9.0,148.0,Light,43.0,171.0,0.0,0.0,1.15,DD Main Guns,1.3,Torpedoes,0.95,Anti-Air Guns
283,Plan001,HMS Neptune,super rare,Royal Navy,CL,4215.0,149.0,317.0,312.0,73.0,0.0,12.0,142.0,Light,33.0,0.0,0.0,0.0,1.5,CL Main Guns,1.6,Torpedoes,1.0,Anti-Air Guns
284,Plan002,Monarch,super rare,Royal Navy,BB,6897.0,388.0,200.0,0.0,18.0,0.0,16.0,146.0,Heavy,28.0,0.0,0.0,0.0,1.45,BB Main Guns,2.1,DD/CL Main Guns,1.1,Anti-Air Guns
285,Plan003,Ibuki,super rare,Sakura Empire,CA,4260.0,236.0,169.0,254.0,41.0,0.0,13.0,163.0,Medium,28.0,0.0,0.0,0.0,1.4,CA Main Guns,1.85,Torpedoes,1.1,Anti-Air Guns
286,Plan004,Izumo,super rare,Sakura Empire,BB,7356.0,391.0,206.0,0.0,18.0,0.0,16.0,127.0,Heavy,28.0,0.0,0.0,0.0,1.4,BB Main Guns,2.1,DD/CL Main Guns,0.8,Anti-Air Guns
287,Plan005,Roon,super rare,Ironblood,CA,5382.0,248.0,202.0,187.0,39.0,0.0,13.0,149.0,Medium,26.0,0.0,0.0,0.0,1.3,CA Main Guns,1.1,Torpedoes,1.1,Anti-Air Guns
288,Plan006,Saint Louis,super rare,Iris Libre,CA,4876.0,242.0,216.0,196.0,42.0,0.0,13.0,165.0,Medium,26.0,0.0,0.0,0.0,1.3,CA Main Guns,1.2,Torpedoes,1.25,Anti-Air Guns
289,3005,Cassin,common,Eagle Union,DD,1611.0,91.0,146.0,258.0,181.0,0.0,7.0,185.0,Light,47.0,162.0,0.0,0.0,1.25,DD Main Guns,1.35,Torpedoes,1.3,Anti-Air Guns
290,3006,Downes,common,Eagle Union,DD,1611.0,91.0,146.0,258.0,181.0,0.0,7.0,185.0,Light,47.0,162.0,0.0,0.0,1.25,DD Main Guns,1.35,Torpedoes,1.3,Anti-Air Guns
291,3019,Laffey,rare/elite,Eagle Union,DD,1815.0,148.0,153.0,306.0,197.0,0.0,9.0,191.0,Light,45.0,180.0,0.0,0.0,1.65,DD Main Guns,1.25,Torpedoes,1.25,Anti-Air Guns
292,3027,Hammann,rare/elite,Eagle Union,DD,1723.0,85.0,239.0,251.0,154.0,0.0,8.0,197.0,Light,45.0,187.0,0.0,0.0,1.25,DD Main Guns,1.3,Torpedoes,1.35,Anti-Air Guns
293,3036,San Diego,super rare,Eagle Union,CL,3578.0,164.0,516.0,146.0,73.0,0.0,11.0,185.0,Light,32.0,181.0,0.0,0.0,1.15,DD/CL Main Guns,1.35,Torpedoes,1.85,Anti-Air Guns
294,3044,Portland,rare/elite,Eagle Union,CA,4866.0,208.0,228.0,0.0,45.0,0.0,10.0,148.0,Medium,26.0,0.0,0.0,0.0,1.15,CA Main Guns,0.65,DD Main Guns,1.35,Anti-Air Guns
295,3052,Nevada,common,Eagle Union,BB,6200.0,348.0,215.0,0.0,11.0,0.0,12.0,135.0,Heavy,20.0,0.0,0.0,0.0,1.35,BB Main Guns,2.15,DD Main Guns,1.0,Anti-Air Guns
296,3053,Oklahoma,common,Eagle Union,BB,6200.0,348.0,220.0,0.0,11.0,0.0,12.0,135.0,Heavy,20.0,0.0,0.0,0.0,1.35,BB Main Guns,2.15,DD Main Guns,1.0,Anti-Air Guns
297,3070,Long Island,rare/elite,Eagle Union,CVL,4254.0,0.0,259.0,0.0,39.0,306.0,10.0,163.0,Medium,16.0,88.0,0.0,0.0,1.45,Fighter,1.3,Dive Bomber,0.85,Anti-Air Guns
298,3071,Bogue,common,Eagle Union,CVL,3589.0,0.0,254.0,0.0,39.0,304.0,9.0,161.0,Medium,18.0,131.0,0.0,0.0,1.3,Fighter,1.45,Dive Bomber,0.85,Anti-Air Guns
299,3072,Langley,common,Eagle Union,CVL,4085.0,0.0,248.0,0.0,38.0,237.0,9.0,112.0,Medium,15.0,84.0,0.0,0.0,1.45,Fighter,1.45,DD Main Guns / Fighter after first LB,0.85,Dive Bomber
300,3074,Saratoga,rare/elite,Eagle Union,CV,6326.0,0.0,316.0,0.0,34.0,401.0,12.0,116.0,Medium,33.0,0.0,0.0,0.0,1.25,Fighter,1.4,Dive Bomber,1.4,Dive Bomber
301,3075,Ranger,common,Eagle Union,CVL,4360.0,0.0,251.0,0.0,49.0,269.0,9.0,119.0,Medium,29.0,94.0,0.0,0.0,1.05,Torpedo Bomber,1.45,Dive Bomber,1.45,Dive Bomber
302,3082,Acasta,rare/elite,Royal Navy,DD,1307.0,59.0,149.0,360.0,238.0,0.0,8.0,168.0,Light,45.0,155.0,0.0,0.0,1.15,DD Main Guns,1.5,Torpedoes,1.1,Anti-Air Guns
303,3083,Ardent,rare/elite,Royal Navy,DD,1307.0,59.0,149.0,360.0,238.0,0.0,8.0,168.0,Light,45.0,155.0,0.0,0.0,1.2,DD Main Guns,1.45,Torpedoes,1.1,Anti-Air Guns
304,3088,Comet,common,Royal Navy,DD,1298.0,59.0,146.0,345.0,239.0,0.0,7.0,170.0,Light,46.0,186.0,0.0,0.0,1.2,DD Main Guns,1.4,Torpedoes,1.1,Anti-Air Guns
305,3089,Crescent,common,Royal Navy,DD,1298.0,99.0,146.0,310.0,234.0,0.0,7.0,165.0,Light,46.0,186.0,0.0,0.0,1.25,DD Main Guns,1.35,Torpedoes,1.1,Anti-Air Guns
306,3090,Cygnet,common,Royal Navy,DD,1298.0,89.0,146.0,310.0,249.0,0.0,7.0,165.0,Light,46.0,190.0,0.0,0.0,1.25,DD Main Guns,1.35,Torpedoes,1.1,Anti-Air Guns
307,3091,Foxhound,common,Royal Navy,DD,1309.0,97.0,145.0,311.0,243.0,0.0,7.0,167.0,Light,45.0,193.0,0.0,0.0,1.25,DD Main Guns,1.35,Torpedoes,1.1,Anti-Air Guns
308,3092,Fortune,rare/elite,Royal Navy,DD,1333.0,97.0,149.0,318.0,243.0,0.0,8.0,169.0,Light,45.0,197.0,0.0,0.0,1.25,DD Main Guns,1.35,Torpedoes,1.1,Anti-Air Guns
309,3101,Javelin,rare/elite,Royal Navy,DD,1482.0,80.0,139.0,389.0,244.0,0.0,9.0,180.0,Light,46.0,195.0,0.0,0.0,1.25,DD Main Guns,1.45,Torpedoes,1.05,Anti-Air Guns
310,3104,Leander,common,Royal Navy,CL,3126.0,177.0,284.0,271.0,77.0,0.0,8.0,154.0,Light,32.0,110.0,0.0,0.0,1.35,CL Main Guns,1.65,Torpedoes,1.3,Anti-Air Guns
311,3105,Achilles,rare/elite,Royal Navy,CL,2872.0,192.0,259.0,321.0,73.0,0.0,9.0,157.0,Light,32.0,113.0,0.0,0.0,1.6,CL Main Guns,1.6,Torpedoes,1.0,Anti-Air Guns
312,3106,Ajax,rare/elite,Royal Navy,CL,2872.0,192.0,259.0,321.0,73.0,0.0,9.0,157.0,Light,32.0,113.0,0.0,0.0,1.6,CL Main Guns,1.6,Torpedoes,1.0,Anti-Air Guns
313,3122,Suffolk,rare/elite,Royal Navy,CA,3354.0,245.0,181.0,217.0,21.0,0.0,10.0,144.0,Light,25.0,0.0,0.0,0.0,1.6,CA Main Guns,1.65,Torpedoes,1.0,Anti-Air Guns
314,3125,York,rare/elite,Royal Navy,CA,3493.0,256.0,226.0,168.0,43.0,0.0,11.0,168.0,Medium,25.0,0.0,0.0,0.0,1.55,CA Main Guns,1.65,Torpedoes,1.05,Anti-Air Guns
315,3126,Exeter,rare/elite,Royal Navy,CA,3519.0,236.0,226.0,168.0,23.0,0.0,11.0,168.0,Medium,25.0,0.0,0.0,0.0,1.45,CA Main Guns,1.65,Torpedoes,1.15,Anti-Air Guns
316,3155,Ayanami,rare/elite,Sakura Empire,DD,1663.0,67.0,127.0,523.0,208.0,0.0,9.0,201.0,Light,48.0,183.0,0.0,0.0,0.85,DD Main Guns,1.65,Torpedoes,0.75,Anti-Air Guns
317,3167,Kagerou,rare/elite,Sakura Empire,DD,1736.0,66.0,130.0,506.0,186.0,0.0,8.0,195.0,Light,45.0,189.0,0.0,0.0,0.8,DD Main Guns,1.55,Torpedoes,0.75,Anti-Air Guns
318,3168,Shiranui,common,Sakura Empire,DD,1600.0,65.0,126.0,516.0,206.0,0.0,7.0,171.0,Light,45.0,155.0,0.0,0.0,0.8,DD Main Guns,1.65,Torpedoes,0.75,Anti-Air Guns
319,3187,Abukuma,common,Sakura Empire,CL,2787.0,142.0,243.0,309.0,80.0,0.0,8.0,155.0,Light,36.0,81.0,0.0,0.0,1.15,CL Main Guns,1.75,Torpedoes,1.25,Anti-Air Guns
320,3188,Mogami,rare/elite,Sakura Empire,CL,4141.0,234.0,208.0,177.0,34.0,0.0,11.0,164.0,Medium,28.0,0.0,0.0,0.0,1.25,CL Main Guns (CA on retrofit),1.6,Torpedoes,1.05,Anti-Air Guns
321,3190,Furutaka,common,Sakura Empire,CA,3323.0,217.0,155.0,210.0,33.0,0.0,9.0,147.0,Medium,31.0,0.0,0.0,0.0,1.3,CA Main Guns,1.8,Torpedoes,1.05,Anti-Air Guns
322,3191,Kako,common,Sakura Empire,CA,3323.0,217.0,155.0,210.0,33.0,0.0,9.0,147.0,Medium,31.0,0.0,0.0,0.0,1.3,CA Main Guns,1.8,Torpedoes,1.05,Anti-Air Guns
323,3208,Fusou,rare/elite,Sakura Empire,BB,6261.0,352.0,268.0,0.0,13.0,151.0,13.0,118.0,Heavy,23.0,0.0,0.0,0.0,1.65,BB Main Guns,2.0,DD/CL Main Guns (Seaplane on retrofit),0.85,Anti-Air Guns
324,3209,Yamashiro,rare/elite,Sakura Empire,BB,6596.0,352.0,268.0,0.0,13.0,151.0,13.0,118.0,Heavy,23.0,0.0,0.0,0.0,1.65,BB Main Guns,2.0,DD/CL Main Guns (Seaplane on retrofit),0.85,Anti-Air Guns
325,3210,Ise,rare/elite,Sakura Empire,BB,6205.0,351.0,337.0,0.0,13.0,241.0,13.0,115.0,Heavy,23.0,0.0,0.0,0.0,1.8,BB Main Guns,1.8,DD/CL Main Guns (Seaplane on retrofit),0.95,Anti-Air Guns
326,3211,Hyuuga,rare/elite,Sakura Empire,BB,6205.0,351.0,337.0,0.0,13.0,241.0,13.0,115.0,Heavy,23.0,0.0,0.0,0.0,1.75,BB Main Guns,2.0,DD/CL Main Guns (Seaplane on retrofit),0.95,Anti-Air Guns
327,3222,Shouhou,rare/elite,Sakura Empire,CVL,3932.0,0.0,251.0,0.0,50.0,304.0,10.0,159.0,Medium,28.0,73.0,0.0,0.0,1.45,Dive Bomber,1.35,Torpedo Bomber,0.8,Anti-Air Guns
328,3226,Souryuu,rare/elite,Sakura Empire,CV,5246.0,0.0,313.0,0.0,56.0,390.0,12.0,121.0,Medium,34.0,0.0,0.0,0.0,1.25,Fighter,1.5,Dive Bomber,1.15,Torpedo Bomber
329,3227,Hiryuu,rare/elite,Sakura Empire,CV,5468.0,0.0,311.0,0.0,56.0,391.0,12.0,121.0,Medium,34.0,0.0,0.0,0.0,1.25,Fighter,1.15,Dive Bomber,1.5,Torpedo Bomber
330,3236,Z23,rare/elite,Ironblood,DD,1951.0,154.0,196.0,309.0,157.0,0.0,9.0,173.0,Light,42.0,201.0,0.0,0.0,1.75,DD/CL Main Guns,1.2,Torpedoes,0.85,Anti-Air Guns
331,3239,Karlsruhe,common,Ironblood,CL,3229.0,153.0,310.0,284.0,76.0,0.0,8.0,157.0,Light,32.0,76.0,0.0,0.0,1.2,CL Main Guns,1.7,Torpedoes,1.35,Anti-Air Guns
332,3258,Ning Hai,rare/elite,Eastern Radiance,CL,1996.0,182.0,269.0,203.0,102.0,0.0,10.0,164.0,Light,23.0,66.0,0.0,0.0,1.45,CL Main Guns,1.55,Torpedoes,1.35,Anti-Air Guns
333,3259,Ping Hai,rare/elite,Eastern Radiance,CL,1967.0,182.0,239.0,203.0,99.0,0.0,10.0,164.0,Light,21.0,66.0,0.0,0.0,1.45,CL Main Guns,1.55,Torpedoes,1.35,Anti-Air Guns
334,3263,Bailey,rare/elite,Eagle Union,DD,1731.0,91.0,239.0,282.0,156.0,0.0,8.0,198.0,Light,47.0,173.0,0.0,0.0,1.35,DD Main Guns,1.35,Torpedoes,1.25,Anti-Air Guns
335,3269,Kamikaze,rare/elite,Sakura Empire,DD,1466.0,52.0,161.0,372.0,187.0,0.0,7.0,202.0,Light,47.0,183.0,0.0,0.0,0.75,DD Main Guns,1.45,Torpedoes,0.8,Anti-Air Guns
336,3270,Matsukaze,rare/elite,Sakura Empire,DD,1466.0,51.0,153.0,372.0,184.0,0.0,7.0,196.0,Light,47.0,167.0,0.0,0.0,0.75,DD Main Guns,1.45,Torpedoes,0.8,Anti-Air Guns
337,3271,Mutsuki,common,Sakura Empire,DD,1404.0,51.0,155.0,420.0,187.0,0.0,7.0,191.0,Light,47.0,162.0,0.0,0.0,0.75,DD Main Guns,1.5,Torpedoes,0.8,Anti-Air Guns
338,3301,Nicholas,rare/elite,Eagle Union,DD,1927.0,121.0,209.0,320.0,154.0,0.0,9.0,180.0,Light,42.0,202.0,0.0,0.0,1.4,DD Main Guns,1.4,Torpedoes,1.3,Anti-Air Guns
339,3308,Sendai,rare/elite,Sakura Empire,CL,2483.0,150.0,241.0,363.0,75.0,0.0,9.0,166.0,Light,35.0,94.0,0.0,0.0,1.25,CL Main Guns,1.8,Torpedoes,1.15,Anti-Air Guns
340,3309,Jintsuu,rare/elite,Sakura Empire,CL,2550.0,155.0,264.0,373.0,75.0,0.0,10.0,172.0,Light,35.0,87.0,0.0,0.0,1.25,CL Main Guns,1.8,Torpedoes,1.15,Anti-Air Guns
341,3318,Hamakaze,rare/elite,Sakura Empire,DD,1796.0,66.0,130.0,526.0,205.0,0.0,8.0,175.0,Light,45.0,168.0,0.0,0.0,0.8,DD Main Guns,1.65,Torpedoes,0.75,Anti-Air Guns
342,3319,Tanikaze,rare/elite,Sakura Empire,DD,1796.0,66.0,134.0,526.0,205.0,0.0,8.0,171.0,Light,45.0,147.0,0.0,0.0,0.8,DD Main Guns,1.65,Torpedoes,0.75,Anti-Air Guns
343,3348,Forbin,rare/elite,Iris Libre,DD,1207.0,80.0,150.0,398.0,193.0,0.0,8.0,168.0,Light,42.0,200.0,0.0,0.0,1.2,DD Main Guns,1.45,Torpedoes,0.8,Anti-Air Guns
344,3351,Le Mars,rare/elite,Vichya Dominion,DD,1207.0,80.0,165.0,398.0,193.0,0.0,8.0,168.0,Light,42.0,183.0,0.0,0.0,1.2,DD Main Guns,1.45,Torpedoes,0.8,Anti-Air Guns
345,3361,Newcastle,rare/elite,Royal Navy,CL,3533.0,156.0,347.0,250.0,76.0,0.0,9.0,171.0,Light,32.0,74.0,0.0,0.0,1.55,CL Main Guns,1.25,Torpedoes,1.45,Anti-Air Guns
